Workbook

Sheet Worksheet
A1: Referral Date | B1: Referred By | C1: NHI | D1: Patient Name | E1: DOB | F1: Department | G1: Added to Waitlist Date | H1: Surgeon | I1: FSA Date | J1: Health Target Eligible
A2: 44905 | B2: Hilary Trump | C2: QDX4955 | D2: Spense Pringuer | E2: 26343 | F2: General Surgery | G2: 44910 | H2: Simon Frampton | I2: 44953 | J2: Yes
A3: 45069 | B3: Bill Key | C3: ECP7715 | D3: Shirline Van der Kruys | E3: 33965 | F3: Cardiothoracic | G3: 45073 | H3: Peri Duffy | I3: 45095 | J3: Yes
A4: 44912 | B4: Donald Clinton | C4: ZIK8925 | D4: Chev Eckels | E4: 18737 | F4: Cardiothoracic | G4: 44915 | H4: Steve Renison | I4: 44971 | J4: Yes
A5: 45055 | B5: Donald Clinton | C5: LTS6784 | D5: Rik Futty | E5: 22765 | F5: Plastics | G5: 45055 | H5: Richard Cain | I5: 45122 | J5: Yes
A6: 45069 | B6: Hilary Trump | C6: HGM6173 | D6: Emalia Killen | E6: 32802 | F6: Plastics | G6: 45076 | H6: Philip Mitchell | I6: 45121 | J6: Yes
A7: 44817 | B7: Amit Oliver | C7: CEV6132 | D7: Rudiger Endean | E7: 23786 | F7: Orthopaedics | G7: 44817 | H7: Evelyn Rae | I7: 44893 | J7: No
A8: 44935 | B8: Lesley Young | C8: PGJ7161 | D8: Beverie Robez | E8: 24871 | F8: Orthopaedics | G8: 44936 | H8: Evelyn Rae | I8: 45029 | J8: Yes
A9: 44808 | B9: Bill Key | C9: NKX8076 | D9: Donall Ricciardo | E9: 17827 | F9: Cardiothoracic | G9: 44815 | H9: Steve Renison | I9: 44871 | J9: Yes
A10: 44877 | B10: John English | C10: MXC8908 | D10: Timotheus Laven | E10: 27605 | F10: Cardiothoracic | G10: 44879 | H10: Steve Renison | I10: 44925 | J10: Yes
A11: 44928 | B11: Bill Key | C11: NTQ8299 | D11: Aluino Spelling | E11: 39645 | F11: Plastics | G11: 44932 | H11: Greta McLean | I11: 44991 | J11: Yes
A12: 45091 | B12: Ralph Smith | C12: QNE4372 | D12: Elvera Peasby | E12: 38646 | F12: Paediatric Surgery | G12: 45098 | H12: Nabaz Sayeed | J12: Yes
A13: 44911 | B13: Bill Key | C13: GIR5104 | D13: Vitia Goodlake | E13: 20984 | F13: Plastics | G13: 44914 | H13: Philip Mitchell | I13: 44988 | J13: Yes
A14: 44771 | B14: Lesley Young | C14: XKD2272 | D14: Sally Bargery | E14: 29458 | F14: General Surgery | G14: 44772 | H14: John Martin | I14: 44861 | J14: Yes
A15: 44972 | B15: Lesley Young | C15: DVX6602 | D15: Brig Ovendale | E15: 41392 | F15: Paediatric Surgery | G15: 44978 | H15: Michael Lewis | I15: 45016 | J15: Yes
A16: 45025 | B16: Linda Moore | C16: JIB5920 | D16: Syman Badcock | E16: 27857 | F16: General Surgery | G16: 45028 | H16: Karen Reid | I16: 45096 | J16: Yes
A17: 45007 | B17: Lesley Young | C17: YCX9278 | D17: Eugenie Hugueville | E17: 41785 | F17: Paediatric Surgery | G17: 45013 | H17: Michael Lewis | I17: 45051 | J17: Yes
A18: 45006 | B18: Bill Key | C18: LMV5416 | D18: Scottie Emms | E18: 22327 | F18: Plastics | G18: 45008 | H18: Philip Mitchell | I18: 45023 | J18: Yes
A19: 45022 | B19: Lesley Young | C19: YBB1095 | D19: Carlye Greenhead | E19: 42375 | F19: General Surgery | G19: 45027 | H19: Karen Reid | I19: 45065 | J19: Yes
A20: 44922 | B20: Michael Scott | C20: TBC7855 | D20: Vina Dimond | E20: 24627 | F20: Orthopaedics | G20: 44927 | H20: Lindsay Nelson | I20: 44987 | J20: Yes
A21: 44842 | B21: John Richards | C21: SXL9274 | D21: Samson Durbann | E21: 24573 | F21: Cardiothoracic | G21: 44846 | H21: Andy La Salle | I21: 44891 | J21: Yes
A22: 45035 | B22: Amit Oliver | C22: AUX6004 | D22: Rosalie Couroy | E22: 28403 | F22: Plastics | G22: 45040 | H22: Greta McLean | I22: 45070 | J22: Yes
A23: 45067 | B23: Lesley Young | C23: SEO7156 | D23: Harmony Goodings | E23: 37966 | F23: Paediatric Surgery | G23: 45067 | H23: Andrew Hood | I23: 45115 | J23: Yes
A24: 44874 | B24: Ralph Smith | C24: XUA5670 | D24: Niki Cousins | E24: 30916 | F24: Plastics | G24: 44880 | H24: Philip Mitchell | I24: 44911 | J24: Yes
... A43: 44807 | B43: Lesley Young | C43: ASD4088 | D43: Schuyler Willimot | E43: 20794 | F43: Cardiothoracic | G43: 44814 | H43: Andy La Salle | I43: 44889 | J43: Yes
A44: 45088 | B44: Donald Clinton | C44: GIQ8970 | D44: Whitney Lakeland | E44: 31726 | F44: General Surgery | G44: 45094 | H44: Karen Reid | J44: Yes
A45: 44915 | B45: Hilary Trump | C45: GEK5713 | D45: Lucias Karlsson | E45: 39384 | F45: Paediatric Surgery | G45: 44921 | H45: Nabaz Sayeed | I45: 44935 | J45: Yes
A46: 44839 | B46: Amit Oliver | C46: TGS0798 | D46: Simona Gerrets | E46: 32627 | F46: Plastics | G46: 44843 | H46: Greta McLean | I46: 44866 | J46: Yes
A47: 45050 | B47: Ralph Smith | C47: CYC0720 | D47: Nahum Drewet | E47: 22924 | F47: Cardiothoracic | G47: 45055 | H47: Andy La Salle | I47: 45102 | J47: Yes
A48: 44880 | B48: Ralph Smith | C48: SMH8891 | D48: Myrilla Jeandon | E48: 24876 | F48: Cardiothoracic | G48: 44880 | H48: Peri Duffy | I48: 44968 | J48: Yes
A49: 44777 | B49: Linda Moore | C49: FBG1062 | D49: Nancee Circuitt | E49: 22410 | F49: Cardiothoracic | G49: 44784 | H49: Peri Duffy | I49: 44859 | J49: Yes
A50: 45042 | B50: Hilary Trump | C50: XKX1957 | D50: Malory Houndesome | E50: 38319 | F50: Paediatric Surgery | G50: 45045 | H50: Nabaz Sayeed | I50: 45088 | J50: Yes
A51: 44813 | B51: Lesley Young | C51: AFH7245 | D51: Gar Strawbridge | E51: 30055 | F51: Cardiothoracic | G51: 44815 | H51: Steve Renison | I51: 44841 | J51: Yes
A52: 44937 | B52: Ralph Smith | C52: TXP4069 | D52: Sheffield Hares | E52: 38495 | F52: Paediatric Surgery | G52: 44942 | H52: Michael Lewis | I52: 45023 | J52: Yes
A53: 44972 | B53: Michael Scott | C53: MRL3058 | D53: Otho Duinkerk | E53: 27912 | F53: Cardiothoracic | G53: 44979 | H53: Steve Renison | I53: 45046 | J53: Yes
A54: 44754 | B54: Amit Oliver | C54: FVL8648 | D54: Ruby Manklow | E54: 28037 | F54: General Surgery | G54: 44754 | H54: John Martin | I54: 44771 | J54: Yes
A55: 44983 | B55: Hilary Trump | C55: GKY3212 | D55: Davida MacCurlye | E55: 24015 | F55: Plastics | G55: 44990 | H55: Greta McLean | I55: 45018 | J55: No
A56: 45022 | B56: Ralph Smith | C56: ETV6899 | D56: Abba Rusk | E56: 22510 | F56: General Surgery | G56: 45022 | H56: John Martin | I56: 45110 | J56: Yes
... A58: 44799 | B58: John English | C58: VFY9388 | D58: Cristobal Guyers | E58: 31525 | F58: Orthopaedics | G58: 44799 | H58: Evelyn Rae | I58: 44887 | J58: Yes
A59: 44946 | B59: Lesley Young | D59: Marcelia Jeffcoate | E59: 31398 | F59: Orthopaedics | G59: 44948 | H59: Lindsay Nelson | I59: 44979 | J59: Yes
A60: 44881 | B60: Lesley Young | C60: ZYF6173 | D60: Almeria Crasford | E60: 29962 | F60: Cardiothoracic | G60: 44886 | H60: Steve Renison | I60: 44909 | J60: Yes
A61: 45097 | B61: John English | C61: VSV3481 | D61: Beret Coenraets | E61: 20861 | F61: Cardiothoracic | G61: 45099 | H61: Peri Duffy | J61: Yes
A62: 45098 | B62: John English | C62: MHR6896 | D62: Roderigo Beekmann | E62: 28305 | F62: Cardiothoracic | G62: 45104 | H62: Peri Duffy | I62: 45129 | J62: Yes
A63: 45008 | B63: Donald Clinton | C63: YDV0095 | D63: Elicia McCay | E63: 17683 | F63: Orthopaedics | G63: 45012 | H63: Evelyn Rae | I63: 45081 | J63: Yes
A64: 45055 | B64: Ralph Smith | C64: BDF4913 | D64: Ingeberg Perring | E64: 19156 | F64: General Surgery | G64: 45062 | H64: John Martin | J64: Yes
A65: 45060 | B65: John Richards | C65: IWU6403 | D65: Smith McGettigan | E65: 38126 | F65: Paediatric Surgery | G65: 45066 | H65: Andrew Hood | I65: 45093 | J65: Yes
A66: 44875 | B66: Amit Oliver | C66: BVF7686 | D66: Flin Gleasane | E66: 39717 | F66: Paediatric Surgery | G66: 44878 | H66: Andrew Hood | I66: 44935 | J66: Yes
A67: 44946 | B67: Michael Scott | C67: RIQ9260 | D67: Darlene Bangham | E67: 33191 | F67: Orthopaedics | G67: 44949 | H67: Robert Patrick | I67: 45017 | J67: Yes
A68: 45100 | B68: John English | C68: MMH2864 | D68: Job Cawood | E68: 22739 | F68: Cardiothoracic | G68: 45102 | H68: Andy La Salle | J68: Yes
A69: 44777 | B69: Donald Clinton | C69: RWT4192 | D69: Baudoin Burr | E69: 29633 | F69: Plastics | G69: 44777 | H69: Richard Cain | I69: 44827 | J69: Yes
A70: 44944 | B70: Linda Moore | C70: CYZ8554 | D70: Casper Ashworth | E70: 24451 | F70: General Surgery | G70: 44947 | H70: Simon Frampton | I70: 44968 | J70: Yes
A71: 44905 | B71: Ralph Smith | C71: YBS8538 | D71: Gordy Bellay | E71: 25773 | F71: Plastics | G71: 44908 | H71: Richard Cain | I71: 44948 | J71: Yes
A72: 45040 | B72: Ralph Smith | C72: VZQ5362 | D72: Claudelle Dignan | E72: 29414 | F72: Cardiothoracic | G72: 45044 | H72: Andy La Salle | I72: 45080 | J72: Yes
A73: 45041 | B73: Michael Scott | C73: CST7448 | D73: Ines Mitroshinov | E73: 27902 | F73: Cardiothoracic | G73: 45048 | H73: Peri Duffy | I73: 45101 | J73: Yes
A74: 44883 | B74: Michael Scott | C74: NWM8466 | D74: Joshuah Perrigo | E74: 40538 | F74: Paediatric Surgery | G74: 44883 | H74: Andrew Hood | I74: 44970 | J74: Yes
A75: 44744 | B75: John Richards | C75: LQI3268 | D75: Drusy Skews | E75: 26952 | F75: General Surgery | G75: 44749 | H75: Karen Reid | I75: 44797 | J75: Yes
A76: 44969 | B76: Ralph Smith | C76: LFV3925 | D76: Efrem Kippax | E76: 26789 | F76: Cardiothoracic | G76: 44970 | H76: Steve Renison | I76: 44988 | J76: Yes
A77: 45071 | B77: John English | C77: WHU5837 | D77: Barney Massenhove | E77: 31984 | F77: Cardiothoracic | G77: 45071 | H77: Peri Duffy | J77: Yes
A78: 44968 | B78: Michael Scott | C78: ABR7945 | D78: Chas McGrah | E78: 31658 | F78: Cardiothoracic | G78: 44974 | H78: Peri Duffy | I78: 45029 | J78: Yes
A79: 45013 | B79: Donald Clinton | C79: PLL2090 | D79: Morganne Baynom | E79: 18470 | F79: Orthopaedics | G79: 45020 | H79: Lindsay Nelson | I79: 45100 | J79: Yes
A80: 44755 | B80: Donald Clinton | C80: MFO6152 | D80: Graeme Fenemore | E80: 06/07/1756 | F80: Paediatric Surgery | G80: 44762 | H80: Nabaz Sayeed | I80: 44798 | J80: Yes
A81: 44862 | B81: Linda Moore | C81: SYK7786 | D81: Silas Lipgens | E81: 22604 | F81: Orthopaedics | G81: 44865 | H81: Robert Patrick | I81: 44950 | J81: Yes
A82: 44888 | B82: John Richards | C82: TWT8902 | D82: Bonny Tremmil | E82: 27037 | F82: General Surgery | G82: 44893 | H82: John Martin | I82: 44927 | J82: Yes
A83: 44815 | B83: Michael Scott | C83: WHL2345 | D83: Ardelia Parmiter | E83: 25703 | F83: Orthopaedics | G83: 44821 | H83: Evelyn Rae | I83: 44908 | J83: Yes
A84: 45091 | B84: Lesley Young | C84: WSU4675 | D84: Cirillo Tuckwell | E84: 25561 | F84: Cardiothoracic | G84: 45094 | H84: Peri Duffy | I84: 45116 | J84: Yes
A85: 45063 | B85: Linda Moore | C85: OBR6693 | D85: Emyle Sokale | E85: 29091 | F85: Plastics | G85: 45068 | H85: Greta McLean | I85: 45083 | J85: Yes
A86: 44874 | B86: Ralph Smith | C86: DPB3234 | D86: Daryl Eastham | E86: 28516 | F86: General Surgery | G86: 44879 | H86: John Martin | I86: 44965 | J86: Yes
A87: 44970 | B87: Bill Key | C87: YSN6005 | D87: Clovis Espadate | E87: 31784 | F87: Orthopaedics | G87: 44977 | H87: Robert Patrick | I87: 45004 | J87: Yes
A88: 44829 | B88: Lesley Young | C88: FDM8849 | D88: Rebekkah Venes | E88: 40754 | F88: Paediatric Surgery | G88: 44831 | H88: Michael Lewis | I88: 44913 | J88: Yes
A89: 44814 | B89: Michael Scott | C89: FQI2958 | D89: Wilone Tofanelli | E89: 38861 | F89: Paediatric Surgery | G89: 44814 | H89: Nabaz Sayeed | I89: 44862 | J89: Yes
A90: 45042 | B90: Ralph Smith | C90: AFC3291 | D90: Hetti Joskowitz | E90: 32642 | F90: Cardiothoracic | G90: 45047 | H90: Andy La Salle | I90: 45127 | J90: Yes
A91: 45079 | B91: Bill Key | C91: OJC2233 | D91: Blinnie Olivari | E91: 25481 | F91: Cardiothoracic | G91: 45082 | H91: Andy La Salle | I91: 45112 | J91: Yes
A92: 44861 | B92: John Richards | C92: NPF7673 | D92: Rufe Cardenoza | E92: 38277 | F92: Paediatric Surgery | G92: 44865 | H92: Andrew Hood | I92: 44903 | J92: Yes
... A106: 44948 | B106: Amit Oliver | C106: PMW6144 | D106: Caesar Cameron | E106: 42200 | F106: General Surgery | G106: 44950 | H106: John Martin | I106: 45009 | J106: Yes
A107: 45091 | B107: Hilary Trump | C107: OIE4818 | D107: Amos Vaughan | E107: 34901 | F107: Paediatric Surgery | G107: 45095 | H107: Andrew Hood | J107: No
A108: 45013 | B108: Donald Clinton | C108: LKO5520 | D108: Chiquita Griffith | E108: 39528 | F108: Plastics | G108: 45013 | H108: Greta McLean | I108: 45082 | J108: Yes
A109: 44980 | B109: Amit Oliver | C109: PWW2262 | D109: Brenna Britt | E109: 17042 | F109: Orthopaedics | G109: 44985 | H109: Robert Patrick | I109: 45006 | J109: Yes
A110: 44932 | B110: Linda Moore | C110: TKL8769 | D110: Tamara Parks | E110: 33974 | F110: Paediatric Surgery | G110: 44934 | H110: Nabaz Sayeed | I110: 45001 | J110: Yes
A111: 44867 | B111: Donald Clinton | C111: EYP7106 | D111: Vance Vang | E111: 21699 | F111: General Surgery | G111: 44871 | H111: Simon Frampton | I111: 44893 | J111: Yes
A112: 44787 | B112: John Richards | C112: RWC0366 | D112: Emerald Terrell | E112: 16508 | F112: General Surgery | G112: 44790 | H112: Karen Reid | I112: 44855 | J112: Yes
A113: 44829 | B113: Hilary Trump | C113: MUS7753 | D113: Regan Good | E113: 23182 | F113: Orthopaedics | G113: 44833 | H113: Evelyn Rae | I113: 44920 | J113: Yes
A114: 44949 | B114: Linda Moore | C114: KDB2267 | D114: Zahir Pennington | E114: 19919 | F114: General Surgery | G114: 44949 | H114: Karen Reid | I114: 44995 | J114: Yes
A115: 45093 | B115: Michael Scott | C115: ZEE0596 | D115: Samuel Jacobson | E115: 17676 | F115: Paediatric Surgery | G115: 45097 | H115: Nabaz Sayeed | I115: 45127 | J115: Yes
A116: 44993 | B116: Bill Key | C116: MKL3157 | D116: Dorothy Howard | E116: 39114 | F116: Cardiothoracic | G116: 44993 | H116: Peri Duffy | I116: 45063 | J116: Yes
A117: 44880 | B117: Amit Oliver | C117: GIY3014 | D117: Cheyenne Norris | E117: 24529 | F117: Orthopaedics | G117: 44887 | H117: Robert Patrick | I117: 44970 | J117: Yes
A118: 45054 | B118: Donald Clinton | C118: OAG0170 | D118: Dale Romero | E118: 20714 | F118: Orthopaedics | G118: 45055 | H118: Lindsay Nelson | I118: 45089 | J118: Yes
A119: 44806 | B119: John Richards | C119: JJQ6777 | D119: Xantha Holland | E119: 35139 | F119: Orthopaedics | H119: Evelyn Rae | I119: 44837 | J119: Yes
A120: 44956 | B120: Lesley Young | C120: MEM1717 | D120: Gloria Velazquez | E120: 24179 | F120: Paediatric Surgery | G120: 44963 | H120: Nabaz Sayeed | I120: 44972 | J120: Yes
A121: 45048 | B121: John Richards | C121: GSN2762 | D121: Abdul Wilkins | E121: 25575 | F121: Orthopaedics | G121: 45055 | H121: Robert Patrick | I121: 45111 | J121: Yes
A122: 45017 | B122: Linda Moore | C122: WLD4774 | D122: Melissa Myers | E122: 19789 | F122: Orthopaedics | G122: 45022 | H122: Lindsay Nelson | I122: 45050 | J122: Yes
A123: 44768 | B123: Lesley Young | C123: PCM8521 | D123: Finn Kirkland | E123: 21371 | F123: Orthopaedics | G123: 44775 | H123: Lindsay Nelson | I123: 44790 | J123: Yes
A124: 44983 | B124: Hilary Trump | C124: JWV9819 | D124: Christine Spencer | E124: 36541 | F124: General Surgery | G124: 44985 | H124: Karen Reid | I124: 45017 | J124: Yes
A125: 45096 | B125: Lesley Young | C125: IJN7560 | D125: Bevis Haynes | E125: 42589 | F125: Cardiothoracic | G125: 45097 | H125: Steve Renison | I125: 45126 | J125: Yes
A126: 45050 | B126: Michael Scott | C126: TPM1848 | D126: Stephen Wilkerson | E126: 37039 | F126: Plastics | G126: 45051 | H126: Philip Mitchell | I126: 45127 | J126: Yes
A127: 45083 | B127: Linda Moore | C127: UWH4454 | D127: Merrill Alford | E127: 20870 | F127: Orthopaedics | G127: 45090 | H127: Evelyn Rae | I127: 45122 | J127: Yes
A128: 45002 | B128: Ralph Smith | C128: SNH4563 | D128: Sharon Sharp | E128: 27639 | F128: Orthopaedics | G128: 45004 | H128: Evelyn Rae | I128: 45046 | J128: Yes
A129: 45098 | B129: Donald Clinton | C129: PJD9884 | D129: Ulysses Bowers | E129: 42470 | F129: Cardiothoracic | G129: 45105 | H129: Andy La Salle | I129: 45115 | J129: Yes
A130: 44909 | B130: Bill Key | C130: AVI2489 | D130: Vladimir Hickman | E130: 40486 | F130: Orthopaedics | G130: 44916 | H130: Evelyn Rae | I130: 44979 | J130: Yes
A131: 44780 | B131: Linda Moore | C131: BHD8446 | D131: Macon Nielsen | E131: 22125 | F131: Cardiothoracic | G131: 44780 | H131: Steve Renison | I131: 44859 | J131: Yes
... A142: 44913 | B142: John English | C142: MRW2671 | D142: Grant Melton | E142: 18379 | F142: Orthopaedics | G142: 44920 | H142: Lindsay Nelson | I142: 44999 | J142: Yes
...

Sheet Patient
A1: Pateint ID(PK) | B1: firstName | C1: lastName | D1: DOB
A2: =IF(C2<>"", "P-1" & (10 + ROW()-1), "") -> P-111 | C2: {=_xlfn._xlws.FILTER(Worksheet!D2:D500,Worksheet!D2:D500<>"")} -> Spense Pringuer | D2: {=_xlfn._xlws.FILTER(Worksheet!E2:E500,Worksheet!E2:E500<>"")} -> 26343
A3: =IF(C3<>"", "P-1" & (10 + ROW()-1), "") -> P-112 | C3: Shirline Van der Kruys | D3: 33965
A4: =IF(C4<>"", "P-1" & (10 + ROW()-1), "") -> P-113 | C4: Chev Eckels | D4: 18737
A5: =IF(C5<>"", "P-1" & (10 + ROW()-1), "") -> P-114 | C5: Rik Futty | D5: 22765
A6: =IF(C6<>"", "P-1" & (10 + ROW()-1), "") -> P-115 | C6: Emalia Killen | D6: 32802
A7: =IF(C7<>"", "P-1" & (10 + ROW()-1), "") -> P-116 | C7: Rudiger Endean | D7: 23786
A8: =IF(C8<>"", "P-1" & (10 + ROW()-1), "") -> P-117 | C8: Beverie Robez | D8: 24871
A9: =IF(C9<>"", "P-1" & (10 + ROW()-1), "") -> P-118 | C9: Donall Ricciardo | D9: 17827
A10: =IF(C10<>"", "P-1" & (10 + ROW()-1), "") -> P-119 | C10: Timotheus Laven | D10: 27605
A11: =IF(C11<>"", "P-1" & (10 + ROW()-1), "") -> P-120 | C11: Aluino Spelling | D11: 39645
A12: =IF(C12<>"", "P-1" & (10 + ROW()-1), "") -> P-121 | C12: Elvera Peasby | D12: 38646
A13: =IF(C13<>"", "P-1" & (10 + ROW()-1), "") -> P-122 | C13: Vitia Goodlake | D13: 20984
A14: =IF(C14<>"", "P-1" & (10 + ROW()-1), "") -> P-123 | C14: Sally Bargery | D14: 29458
... A79: =IF(C79<>"", "P-1" & (10 + ROW()-1), "") -> P-188 | C79: Morganne Baynom | D79: 18470
A80: =IF(C80<>"", "P-1" & (10 + ROW()-1), "") -> P-189 | C80: Graeme Fenemore | D80: 06/07/1756
A81: =IF(C81<>"", "P-1" & (10 + ROW()-1), "") -> P-190 | C81: Silas Lipgens | D81: 22604
A82: =IF(C82<>"", "P-1" & (10 + ROW()-1), "") -> P-191 | C82: Bonny Tremmil | D82: 27037
A83: =IF(C83<>"", "P-1" & (10 + ROW()-1), "") -> P-192 | C83: Ardelia Parmiter | D83: 25703
A84: =IF(C84<>"", "P-1" & (10 + ROW()-1), "") -> P-193 | C84: Cirillo Tuckwell | D84: 25561
A85: =IF(C85<>"", "P-1" & (10 + ROW()-1), "") -> P-194 | C85: Emyle Sokale | D85: 29091
A86: =IF(C86<>"", "P-1" & (10 + ROW()-1), "") -> P-195 | C86: Daryl Eastham | D86: 28516
A87: =IF(C87<>"", "P-1" & (10 + ROW()-1), "") -> P-196 | C87: Clovis Espadate | D87: 31784
A88: =IF(C88<>"", "P-1" & (10 + ROW()-1), "") -> P-197 | C88: Rebekkah Venes | D88: 40754
A89: =IF(C89<>"", "P-1" & (10 + ROW()-1), "") -> P-198 | C89: Wilone Tofanelli | D89: 38861
A90: =IF(C90<>"", "P-1" & (10 + ROW()-1), "") -> P-199 | C90: Hetti Joskowitz | D90: 32642
A91: =IF(C91<>"", "P-1" & (10 + ROW()-1), "") -> P-1100 | C91: Blinnie Olivari | D91: 25481
A92: =IF(C92<>"", "P-1" & (10 + ROW()-1), "") -> P-1101 | C92: Rufe Cardenoza | D92: 38277
... A154: =IF(C154<>"", "P-1" & (10 + ROW()-1), "") -> P-1163 | C154: Byron Beard | D154: 22574
A155: =IF(C155<>"", "P-1" & (10 + ROW()-1), "") -> P-1164 | C155: Gloria Hanson | D155: 11/04/1795
A156: =IF(C156<>"", "P-1" & (10 + ROW()-1), "") -> P-1165 | C156: David Roth | D156: 36212
A157: =IF(C157<>"", "P-1" & (10 + ROW()-1), "") -> P-1166 | C157: Macaulay Stephenson | D157: 32828
A158: =IF(C158<>"", "P-1" & (10 + ROW()-1), "") -> P-1167 | C158: Philip Lowery | D158: 38859
A159: =IF(C159<>"", "P-1" & (10 + ROW()-1), "") -> P-1168 | C159: Myles Lynch | D159: 18260
A160: =IF(C160<>"", "P-1" & (10 + ROW()-1), "") -> P-1169 | C160: Dai Smith | D160: 24594
A161: =IF(C161<>"", "P-1" & (10 + ROW()-1), "") -> P-1170 | C161: Myra Burks | D161: 33586
A162: =IF(C162<>"", "P-1" & (10 + ROW()-1), "") -> P-1171 | C162: Barbara Donaldson | D162: 39740
A163: =IF(C163<>"", "P-1" & (10 + ROW()-1), "") -> P-1172 | C163: Wayne Chapman | D163: 32538
A164: =IF(C164<>"", "P-1" & (10 + ROW()-1), "") -> P-1173 | C164: Upton Erickson | D164: 18631
A165: =IF(C165<>"", "P-1" & (10 + ROW()-1), "") -> P-1174 | C165: Wing Collier | D165: 19237
A166: =IF(C166<>"", "P-1" & (10 + ROW()-1), "") -> P-1175 | C166: Burke Jordan | D166: 23489
A167: =IF(C167<>"", "P-1" & (10 + ROW()-1), "") -> P-1176 | C167: Maris Harrison | D167: 21300
... A205: =IF(C205<>"", "P-1" & (10 + ROW()-1), "") -> P-1214 | C205: Richard Galloway | D205: 25683
A206: =IF(C206<>"", "P-1" & (10 + ROW()-1), "") -> P-1215 | C206: Simon Reyes | D206: 42/06/1949
A207: =IF(C207<>"", "P-1" & (10 + ROW()-1), "") -> P-1216 | C207: Rowan Leon | D207: 38722
A208: =IF(C208<>"", "P-1" & (10 + ROW()-1), "") -> P-1217 | C208: Elvis May | D208: 33072
A209: =IF(C209<>"", "P-1" & (10 + ROW()-1), "") -> P-1218 | C209: Tanya Humphrey | D209: 38427
A210: =IF(C210<>"", "P-1" & (10 + ROW()-1), "") -> P-1219 | C210: Hyatt Young | D210: 22271
A211: =IF(C211<>"", "P-1" & (10 + ROW()-1), "") -> P-1220 | C211: Abdul Lamb | D211: 33183
A212: =IF(C212<>"", "P-1" & (10 + ROW()-1), "") -> P-1221 | C212: Shellie Gill | D212: 32127
A213: =IF(C213<>"", "P-1" & (10 + ROW()-1), "") -> P-1222 | C213: John Hopkins | D213: 29958
A214: =IF(C214<>"", "P-1" & (10 + ROW()-1), "") -> P-1223 | C214: Guy Acevedo | D214: 27072
A215: =IF(C215<>"", "P-1" & (10 + ROW()-1), "") -> P-1224 | C215: Kirby Vaughn | D215: 34524
A216: =IF(C216<>"", "P-1" & (10 + ROW()-1), "") -> P-1225 | C216: Wayne Wilkins | D216: 22377
A217: =IF(C217<>"", "P-1" & (10 + ROW()-1), "") -> P-1226 | C217: David Tanner | D217: 25191
A218: =IF(C218<>"", "P-1" & (10 + ROW()-1), "") -> P-1227 | C218: Ira Cabrera | D218: 32448
... A267: =IF(C267<>"", "P-1" & (10 + ROW()-1), "") -> P-1276 | C267: Palmer Miles | D267: 17557
A268: =IF(C268<>"", "P-1" & (10 + ROW()-1), "") -> P-1277 | C268: Mallory Fry | D268: 23/09/1015
A269: =IF(C269<>"", "P-1" & (10 + ROW()-1), "") -> P-1278 | C269: Harrison Monroe | D269: 35818
A270: =IF(C270<>"", "P-1" & (10 + ROW()-1), "") -> P-1279 | C270: Matthew Acosta | D270: 28041
A271: =IF(C271<>"", "P-1" & (10 + ROW()-1), "") -> P-1280 | C271: Julian Thompson | D271: 30324
A272: =IF(C272<>"", "P-1" & (10 + ROW()-1), "") -> P-1281 | C272: Maia Salinas | D272: 38350
A273: =IF(C273<>"", "P-1" & (10 + ROW()-1), "") -> P-1282 | C273: Walter Harrison | D273: 25426
A274: =IF(C274<>"", "P-1" & (10 + ROW()-1), "") -> P-1283 | C274: Ursa Fox | D274: 19403
A275: =IF(C275<>"", "P-1" & (10 + ROW()-1), "") -> P-1284 | C275: Tad Carter | D275: 33743
A276: =IF(C276<>"", "P-1" & (10 + ROW()-1), "") -> P-1285 | C276: Benedict Mayer | D276: 36103
A277: =IF(C277<>"", "P-1" & (10 + ROW()-1), "") -> P-1286 | C277: Ira Ingram | D277: 26970
A278: =IF(C278<>"", "P-1" & (10 + ROW()-1), "") -> P-1287 | C278: Camilla Booth | D278: 26072
A279: =IF(C279<>"", "P-1" & (10 + ROW()-1), "") -> P-1288 | C279: Mason Walsh | D279: 26150
A280: =IF(C280<>"", "P-1" & (10 + ROW()-1), "") -> P-1289 | C280: Kellie Rodgers | D280: 37460
... A483: =IF(C483<>"", "P-1" & (10 + ROW()-1), "") -> P-1492 | C483: Arthur Williamson | D483: 26840
A484: =IF(C484<>"", "P-1" & (10 + ROW()-1), "") -> P-1493 | C484: Cherokee Franklin | D484: 9/08/1693
A485: =IF(C485<>"", "P-1" & (10 + ROW()-1), "") -> P-1494 | C485: Chaim Ellison | D485: 32771
A486: =IF(C486<>"", "P-1" & (10 + ROW()-1), "") -> P-1495 | C486: Hedy Gregory | D486: 38802
A487: =IF(C487<>"", "P-1" & (10 + ROW()-1), "") -> P-1496 | C487: Arsenio Harrell | D487: 30366
A488: =IF(C488<>"", "P-1" & (10 + ROW()-1), "") -> P-1497 | C488: Duncan Cannon | D488: 16783
A489: =IF(C489<>"", "P-1" & (10 + ROW()-1), "") -> P-1498 | C489: Logan Rodgers | D489: 40594
A490: =IF(C490<>"", "P-1" & (10 + ROW()-1), "") -> P-1499 | C490: Ebony Patel | D490: 22211
A491: =IF(C491<>"", "P-1" & (10 + ROW()-1), "") -> P-1500 | C491: Guinevere Nixon | D491: 28134
A492: =IF(C492<>"", "P-1" & (10 + ROW()-1), "") -> P-1501 | C492: Wilma Cohen | D492: 34512
A493: =IF(C493<>"", "P-1" & (10 + ROW()-1), "") -> P-1502 | C493: Isaac Sosa | D493: 29395
A494: =IF(C494<>"", "P-1" & (10 + ROW()-1), "") -> P-1503 | C494: Carly Gates | D494: 21777
A495: =IF(C495<>"", "P-1" & (10 + ROW()-1), "") -> P-1504 | C495: Howard Sandoval | D495: 31992
A496: =IF(C496<>"", "P-1" & (10 + ROW()-1), "") -> P-1505 | C496: Mannix Harding | D496: 30305
... A500: =IF(C500<>"", "P-1" & (10 + ROW()-1), "") -> P-1509 | C500: Castor Wallace | D500: 29649

Sheet Department
A1: Departmaent ID(PK) | B1: Department Name
A2: =IF(B2<>"", "D-1" & (10 + ROW()-1), "") -> D-111 | B2: {=_xlfn.UNIQUE(_xlfn._xlws.FILTER(Worksheet!F2:F500, Worksheet!F2:F500<>""))} -> General Surgery
A3: =IF(B3<>"", "D-1" & (10 + ROW()-1), "") -> D-112 | B3: Cardiothoracic
A4: =IF(B4<>"", "D-1" & (10 + ROW()-1), "") -> D-113 | B4: Plastics
A5: =IF(B5<>"", "D-1" & (10 + ROW()-1), "") -> D-114 | B5: Orthopaedics
A6: =IF(B6<>"", "D-1" & (10 + ROW()-1), "") -> D-115 | B6: Paediatric Surgery

Sheet Surgeon
A1: Sergeon ID | B1: Surgeon Name
A2: =IF(B2<>"", "SID-1" & (10 + ROW()-1), "") -> SID-111 | B2: {=_xlfn.UNIQUE(_xlfn._xlws.FILTER(Worksheet!H2:H500, Worksheet!H2:H500<>""))} -> Simon Frampton
A3: =IF(B3<>"", "SID-1" & (10 + ROW()-1), "") -> SID-112 | B3: Peri Duffy
A4: =IF(B4<>"", "SID-1" & (10 + ROW()-1), "") -> SID-113 | B4: Steve Renison
A5: =IF(B5<>"", "SID-1" & (10 + ROW()-1), "") -> SID-114 | B5: Richard Cain
A6: =IF(B6<>"", "SID-1" & (10 + ROW()-1), "") -> SID-115 | B6: Philip Mitchell
A7: =IF(B7<>"", "SID-1" & (10 + ROW()-1), "") -> SID-116 | B7: Evelyn Rae
A8: =IF(B8<>"", "SID-1" & (10 + ROW()-1), "") -> SID-117 | B8: Greta McLean
A9: =IF(B9<>"", "SID-1" & (10 + ROW()-1), "") -> SID-118 | B9: Nabaz Sayeed
A10: =IF(B10<>"", "SID-1" & (10 + ROW()-1), "") -> SID-119 | B10: John Martin
A11: =IF(B11<>"", "SID-1" & (10 + ROW()-1), "") -> SID-120 | B11: Michael Lewis
A12: =IF(B12<>"", "SID-1" & (10 + ROW()-1), "") -> SID-121 | B12: Karen Reid
A13: =IF(B13<>"", "SID-1" & (10 + ROW()-1), "") -> SID-122 | B13: Lindsay Nelson
A14: =IF(B14<>"", "SID-1" & (10 + ROW()-1), "") -> SID-123 | B14: Andy La Salle
... A16: =IF(B16<>"", "SID-1" & (10 + ROW()-1), "") -> SID-125 | B16: Robert Patrick

Sheet Referal
A1: Referal ID | B1: Referal Name
A2: =IF(B2<>"", "RID-1" & (10 + ROW()-1), "") -> RID-111 | B2: {=_xlfn.UNIQUE(_xlfn._xlws.FILTER(Worksheet!B2:B500, Worksheet!B2:B500 <>""))} -> Hilary Trump
A3: =IF(B3<>"", "RID-1" & (10 + ROW()-1), "") -> RID-112 | B3: Bill Key
A4: =IF(B4<>"", "RID-1" & (10 + ROW()-1), "") -> RID-113 | B4: Donald Clinton
A5: =IF(B5<>"", "RID-1" & (10 + ROW()-1), "") -> RID-114 | B5: Amit Oliver
A6: =IF(B6<>"", "RID-1" & (10 + ROW()-1), "") -> RID-115 | B6: Lesley Young
A7: =IF(B7<>"", "RID-1" & (10 + ROW()-1), "") -> RID-116 | B7: John English
A8: =IF(B8<>"", "RID-1" & (10 + ROW()-1), "") -> RID-117 | B8: Ralph Smith
A9: =IF(B9<>"", "RID-1" & (10 + ROW()-1), "") -> RID-118 | B9: Linda Moore
A10: =IF(B10<>"", "RID-1" & (10 + ROW()-1), "") -> RID-119 | B10: Michael Scott
A11: =IF(B11<>"", "RID-1" & (10 + ROW()-1), "") -> RID-120 | B11: John Richards
A12: =IF(B12<>"", "RID-1" & (10 + ROW()-1), "")
A13: =IF(B13<>"", "RID-1" & (10 + ROW()-1), "")
A14: =IF(B14<>"", "RID-1" & (10 + ROW()-1), "")
A15: =IF(B15<>"", "RID-1" & (10 + ROW()-1), "")
A16: =IF(B16<>"", "RID-1" & (10 + ROW()-1), "")
A17: =IF(B17<>"", "RID-1" & (10 + ROW()-1), "")
A18: =IF(B18<>"", "RID-1" & (10 + ROW()-1), "")
A19: =IF(B19<>"", "RID-1" & (10 + ROW()-1), "")
A20: =IF(B20<>"", "RID-1" & (10 + ROW()-1), "")
A21: =IF(B21<>"", "RID-1" & (10 + ROW()-1), "")
A22: =IF(B22<>"", "RID-1" & (10 + ROW()-1), "")
A23: =IF(B23<>"", "RID-1" & (10 + ROW()-1), "")
... A500: =IF(B500<>"", "RID-1" & (10 + ROW()-1), "")

Sheet 1NF
A1: REFERAL ID | B1: PATIENT ID

Sheet Sheet2
A1: 1 | B1: 37257
A2: 2 | B2: 37258
A3: 3 | B3: 37259
A4: 4 | B4: 37260
A5: 5 | B5: 37261
A6: 6 | B6: 37262
A7: 7 | B7: 37263
A8: 8 | B8: 37264
A9: 9 | B9: 37265
A10: 10 | B10: 37266
A11: 11 | B11: 37267
A12: 12 | B12: 37268
... A2330: 2330 | B2330: 39586
